
/*!40101 SET @OLD_CHARACTER_SET_CLIENT=@@CHARACTER_SET_CLIENT */;
/*!40101 SET @OLD_CHARACTER_SET_RESULTS=@@CHARACTER_SET_RESULTS */;
/*!40101 SET @OLD_COLLATION_CONNECTION=@@COLLATION_CONNECTION */;
/*!50503 SET NAMES utf8mb4 */;
/*!40103 SET @OLD_TIME_ZONE=@@TIME_ZONE */;
/*!40103 SET TIME_ZONE='+00:00' */;
/*!40014 SET @OLD_UNIQUE_CHECKS=@@UNIQUE_CHECKS, UNIQUE_CHECKS=0 */;
/*!40014 SET @OLD_FOREIGN_KEY_CHECKS=@@FOREIGN_KEY_CHECKS, FOREIGN_KEY_CHECKS=0 */;
/*!40101 SET @OLD_SQL_MODE=@@SQL_MODE, SQL_MODE='NO_AUTO_VALUE_ON_ZERO' */;
/*!40111 SET @OLD_SQL_NOTES=@@SQL_NOTES, SQL_NOTES=0 */;

LOCK TABLES `csvi__appeal__appeals` WRITE;
/*!40000 ALTER TABLE `csvi__appeal__appeals` DISABLE KEYS */;
REPLACE INTO `csvi__appeal__appeals` (`id`, `office`, `comment`, `them_id`, `status_code`, `sender_id`, `accepted_by`, `closed_by`, `restored_by`, `created_at`, `updated_at`) VALUES (1,'257','Ratione officiis reprehenderit ut minus. Qui molestias fugit distinctio magnam ipsam quos corrupti laboriosam. Aut pariatur et nemo nulla voluptatum vero.',15,'closed',3,NULL,2,NULL,'2025-03-20 08:33:23','2025-03-20 08:33:23'),(2,'384','Vel quis velit non saepe. Tempore cupiditate sed et nostrum consequatur. Quae nihil provident in voluptatibus est.',10,'created',6,NULL,NULL,NULL,'2025-03-20 08:33:23','2025-03-20 08:33:23'),(3,'343','Quia eveniet quam voluptatibus molestiae in. Dolores eum ullam inventore culpa incidunt rerum. Qui maiores eum voluptatem qui architecto amet quia nobis. Nesciunt itaque et omnis ut sit eos at blanditiis.',18,'accepted',13,2,NULL,NULL,'2025-03-20 08:33:23','2025-03-20 08:33:23'),(4,'366','Facilis magni id labore sapiente. Similique non perferendis eum voluptas culpa consequatur culpa delectus. Vero repellat velit praesentium dignissimos doloribus praesentium omnis. Quis nihil ratione cumque provident consequatur nulla.',3,'accepted',7,2,NULL,NULL,'2025-03-20 08:33:23','2025-03-20 08:33:23'),(5,'428','Ut id eos animi neque voluptates voluptatem non quidem. Corporis dolores asperiores in voluptate ut hic explicabo. Quos enim vel ex non. Laboriosam vero autem provident sunt nam dolorem corporis.',14,'created',7,NULL,NULL,NULL,'2025-03-20 08:33:23','2025-03-20 08:33:23'),(6,'290','Sit maxime sed libero reprehenderit quaerat consectetur. Tenetur corporis libero nobis. Qui rem accusamus recusandae sed nemo. Incidunt alias placeat impedit iusto reiciendis qui fugiat. Unde repellendus qui est doloribus odio molestias.',16,'closed',9,NULL,2,NULL,'2025-03-20 08:33:23','2025-03-20 08:33:23'),(7,'419','Pariatur ut iste provident deleniti enim. Error numquam aliquid debitis rerum. Atque tempore eaque et sint ut et in.',10,'created',10,NULL,NULL,NULL,'2025-03-20 08:33:23','2025-03-20 08:33:23'),(8,'145','Ducimus rem quia rerum ipsum est. Quia natus sed harum quisquam nihil odio nostrum. Ut tenetur quos eligendi occaecati aspernatur et fugiat in. Et nesciunt excepturi architecto quia blanditiis eos voluptas.',16,'restored',8,NULL,NULL,2,'2025-03-20 08:33:23','2025-03-20 08:33:23'),(9,'247','Animi ut et fugiat dignissimos voluptas labore placeat. Nam laborum maiores quod cumque et dicta voluptatibus minus. Deleniti commodi ducimus blanditiis et beatae odit velit.',15,'closed',9,NULL,2,NULL,'2025-03-20 08:33:23','2025-03-20 08:33:23'),(10,'239','Veniam commodi vel doloribus qui ea. Animi cumque illo minima dicta possimus. Aut quia harum velit sit ducimus eligendi. Culpa natus accusantium laboriosam accusamus nihil vel eius.',12,'restored',12,NULL,NULL,2,'2025-03-20 08:33:23','2025-03-20 08:33:23'),(11,'254','Voluptates laudantium error esse eum itaque dolores. Voluptatibus eos et ratione non rerum ipsa. In aut nostrum qui repudiandae deleniti voluptatem culpa excepturi. Eligendi et velit ad dolores a tenetur.',16,'accepted',13,2,NULL,NULL,'2025-03-20 08:33:23','2025-03-20 08:33:23'),(12,'407','Quia magnam rem adipisci architecto eos consequatur. Aut mollitia et atque impedit est. Omnis veniam ea voluptate qui eius voluptatem.',12,'created',13,NULL,NULL,NULL,'2025-03-20 08:33:24','2025-03-20 08:33:24'),(13,'104','Eos perferendis sunt minus dignissimos. Veritatis quae et nulla. Accusantium quibusdam est aut ipsam omnis doloribus. Officia dolorum provident assumenda dolor aut id voluptas provident.',22,'created',13,NULL,NULL,NULL,'2025-03-20 08:33:24','2025-03-20 08:33:24'),(14,'190','Est iure magni facilis quis quia animi consequuntur. Nostrum veritatis repellendus fuga aliquam asperiores in. Praesentium quidem animi est ea nesciunt repudiandae nihil.',9,'closed',8,NULL,2,NULL,'2025-03-20 08:33:24','2025-03-20 08:33:24'),(15,'257','Nobis culpa sed eveniet numquam debitis libero delectus. Sunt et harum ut velit doloribus magnam at. Aliquam aut vel id qui in. Doloribus repellat dolores omnis quo. Blanditiis ullam voluptatibus autem amet labore quae.',18,'created',5,NULL,NULL,NULL,'2025-03-20 08:33:24','2025-03-20 08:33:24'),(16,'108','Eum iste architecto cupiditate. Error voluptatum enim laboriosam quibusdam nemo ut. Dolorem explicabo occaecati et hic accusantium rerum.',11,'created',9,NULL,NULL,NULL,'2025-03-20 08:33:24','2025-03-20 08:33:24'),(17,'184','Et occaecati esse aut et dolorum et et. Rerum sunt repudiandae adipisci deserunt dolor nobis et porro. Ex voluptas dolor mollitia laboriosam ullam blanditiis ut.',10,'restored',4,NULL,NULL,2,'2025-03-20 08:33:24','2025-03-20 08:33:24'),(18,'211','Ipsum nemo voluptates in aut. Eaque est voluptas voluptate dolor ea quis delectus. Exercitationem ut repellat minus nisi perspiciatis suscipit nam.',5,'restored',9,NULL,NULL,2,'2025-03-20 08:33:24','2025-03-20 08:33:24'),(19,'179','Minima quas ipsam cupiditate sed. Illo voluptatem tempora saepe architecto esse. Architecto impedit architecto ut qui voluptatem aspernatur. Reiciendis beatae voluptas iusto qui dolor.',22,'accepted',7,2,NULL,NULL,'2025-03-20 08:33:24','2025-03-20 08:33:24'),(20,'243','Quasi perspiciatis ex culpa architecto possimus iste. Ut velit quis est ipsum.',21,'accepted',11,2,NULL,NULL,'2025-03-20 08:33:24','2025-03-20 08:33:24'),(21,'168','Praesentium consequatur corrupti et voluptatum. Numquam laborum accusantium non nobis harum. Qui dolorem architecto eos culpa minus. Beatae reiciendis ut in ut eos aut illum.',7,'restored',4,NULL,NULL,2,'2025-03-20 08:33:24','2025-03-20 08:33:24'),(22,'191','Voluptas corrupti ut similique quod id velit voluptatem. In quas quaerat eius harum qui ad. Sunt quaerat maxime dolor nisi in. Facere et omnis voluptas consequatur tenetur.',19,'restored',6,NULL,NULL,2,'2025-03-20 08:33:24','2025-03-20 08:33:24'),(23,'405','Perspiciatis et consequatur tenetur qui dolorem unde qui iure. Corrupti inventore accusamus ut. Sint cumque delectus sapiente magni amet aperiam. Nostrum sit et nihil et nemo voluptatem voluptas dolorum.',17,'created',5,NULL,NULL,NULL,'2025-03-20 08:33:24','2025-03-20 08:33:24'),(24,'154','Nobis unde eligendi doloribus qui dolorem. Accusantium hic enim iure repellendus optio incidunt quis sed.',22,'closed',10,NULL,2,NULL,'2025-03-20 08:33:24','2025-03-20 08:33:24'),(25,'151','Doloremque aut eveniet sequi. Tenetur qui in exercitationem. Doloremque est repellat nesciunt nemo sit voluptates. Perspiciatis id mollitia quisquam est reprehenderit tenetur doloribus.',19,'restored',12,NULL,NULL,2,'2025-03-20 08:33:24','2025-03-20 08:33:24'),(26,'268','Voluptatem non est aut mollitia deserunt magni. Error placeat soluta perspiciatis nihil dolor illum. Et enim minus facere quia et expedita.',14,'created',6,NULL,NULL,NULL,'2025-03-20 08:33:24','2025-03-20 08:33:24'),(27,'292','Quas praesentium qui vel libero consequatur. Beatae voluptatem et blanditiis optio amet. Rerum et sed corporis et. Veritatis aliquam quidem itaque. Voluptatem explicabo est et.',5,'closed',2,NULL,2,NULL,'2025-03-20 08:33:24','2025-03-20 08:33:24'),(28,'400','Dolores est et corrupti consequatur qui quo sit. Qui a beatae fugiat qui. Alias ratione et enim consectetur. Hic velit ut quo est tempora quia et.',16,'restored',9,NULL,NULL,2,'2025-03-20 08:33:24','2025-03-20 08:33:24'),(29,'149','Suscipit provident rerum dolorum id ea inventore odit deserunt. Laboriosam enim est culpa corporis in libero distinctio. Delectus temporibus inventore doloribus amet. Voluptas ex qui harum reiciendis perferendis et est consequuntur.',12,'accepted',13,2,NULL,NULL,'2025-03-20 08:33:24','2025-03-20 08:33:24'),(30,'219','Est qui eum illo. Dolores exercitationem laudantium quibusdam et quia aut. Quos necessitatibus aut sequi.',1,'accepted',7,2,NULL,NULL,'2025-03-20 08:33:24','2025-03-20 08:33:24'),(31,'127','Quibusdam autem quo eos voluptatum deleniti porro quia sequi. Aut non nulla officia aut dolorum error illum dolores.',14,'accepted',12,2,NULL,NULL,'2025-03-20 08:33:24','2025-03-20 08:33:24'),(32,'336','Quod atque debitis deserunt ut fugit praesentium. Distinctio aut quia cupiditate reprehenderit eius saepe.',1,'accepted',9,2,NULL,NULL,'2025-03-20 08:33:24','2025-03-20 08:33:24'),(33,'375','Autem vel facere aspernatur. Nemo ut temporibus voluptatem ea. Voluptatem illum sunt aut. Modi magnam consequatur sunt velit.',22,'closed',10,NULL,2,NULL,'2025-03-20 08:33:24','2025-03-20 08:33:24'),(34,'292','In quo accusamus minima eum veritatis. Velit eos sed facilis culpa perspiciatis. Odio nulla corporis rerum est qui aperiam voluptatem sed. Dolor doloremque nulla doloribus facere et qui et.',22,'created',11,NULL,NULL,NULL,'2025-03-20 08:33:24','2025-03-20 08:33:24'),(35,'120','Illum ut exercitationem autem ea in dolor voluptatem. Laboriosam mollitia voluptatum placeat est sed sunt quasi. Maxime minima ad nihil cupiditate. Debitis occaecati est a fugit adipisci. Aliquam est accusantium sit natus earum et quam.',3,'accepted',9,2,NULL,NULL,'2025-03-20 08:33:24','2025-03-20 08:33:24'),(36,'241','Porro officiis non qui aliquid porro fuga. Incidunt necessitatibus qui consequatur.',19,'restored',9,NULL,NULL,2,'2025-03-20 08:33:24','2025-03-20 08:33:24'),(37,'144','Minima aut qui temporibus nobis provident velit quia. Voluptates eos quia necessitatibus minima. Magnam voluptate dolorem deleniti excepturi odio placeat voluptatem. Repellendus sed cum nobis dolorem consectetur ut.',3,'restored',4,NULL,NULL,2,'2025-03-20 08:33:24','2025-03-20 08:33:24'),(38,'340','Illum aliquam aperiam distinctio laudantium. Voluptas dolores tempora iusto voluptatem dolores ducimus sequi. Qui facere possimus quae porro neque.',19,'closed',10,NULL,2,NULL,'2025-03-20 08:33:24','2025-03-20 08:33:24'),(39,'281','Placeat quo occaecati laborum ut aut sequi commodi maxime. Dolor recusandae commodi perferendis itaque fugiat. Consequatur consequatur ex facere. Autem nam repellendus occaecati.',2,'created',3,NULL,NULL,NULL,'2025-03-20 08:33:24','2025-03-20 08:33:24'),(40,'164','Magnam cupiditate fugit eos ratione omnis quia veritatis. Ut et quia dolor exercitationem ipsum. Ipsum consequuntur perferendis nisi dolores quae ea eveniet.',15,'created',9,NULL,NULL,NULL,'2025-03-20 08:33:24','2025-03-20 08:33:24'),(41,'412','Sunt repellendus est blanditiis voluptatum. Quaerat est aut ex rerum minus similique. Autem enim blanditiis nulla et accusantium.',14,'closed',10,NULL,2,NULL,'2025-03-20 08:33:24','2025-03-20 08:33:24'),(42,'200','Voluptas minus dolorem delectus nihil natus aut labore laborum. Deserunt exercitationem aut in tempora. Ea expedita est cum et voluptatem.',6,'accepted',5,2,NULL,NULL,'2025-03-20 08:33:24','2025-03-20 08:33:24'),(43,'115','Assumenda modi necessitatibus praesentium nam repellat aliquam nostrum. Dolores possimus debitis voluptatum aut. Similique et voluptatem sunt et sit qui nostrum. Voluptatem hic ipsa id ipsam consequatur autem.',3,'closed',8,NULL,2,NULL,'2025-03-20 08:33:24','2025-03-20 08:33:24'),(44,'230','Dolorem voluptas ullam incidunt libero consequatur natus. Debitis officia modi provident quo et. Esse in aliquam maxime et distinctio quos non.',22,'created',6,NULL,NULL,NULL,'2025-03-20 08:33:24','2025-03-20 08:33:24'),(45,'292','Nihil sit aspernatur earum voluptas non et et. Sint ducimus aliquam adipisci quam culpa officia. Aut dolor officiis non natus. Autem ad consequuntur impedit commodi omnis sunt.',10,'restored',1,NULL,NULL,2,'2025-03-20 08:33:24','2025-03-20 08:33:24'),(46,'373','Sunt eum consequatur voluptas veniam aut. Reprehenderit excepturi itaque pariatur autem officiis ut ut nisi. Ea consequatur libero eos facilis voluptas. Laudantium voluptas minus eos minus et consequuntur deserunt.',15,'restored',9,NULL,NULL,2,'2025-03-20 08:33:24','2025-03-20 08:33:24'),(47,'347','Et omnis ducimus sed et ad quo. Corporis doloribus pariatur quo optio consequatur sed excepturi. Inventore vel aut placeat vero ullam libero.',7,'restored',12,NULL,NULL,2,'2025-03-20 08:33:24','2025-03-20 08:33:24'),(48,'272','Nobis dolores molestiae iure eius quos enim autem accusamus. Natus ut voluptas nihil dicta aut est perferendis. Ut ipsum sed non quia ut quia voluptatem. Fugiat ducimus deserunt eos quo ut.',19,'accepted',10,2,NULL,NULL,'2025-03-20 08:33:24','2025-03-20 08:33:24'),(49,'277','Et laboriosam voluptate est. Amet vel voluptates quia voluptatem ab reiciendis qui. Numquam beatae sit in laboriosam.',20,'restored',11,NULL,NULL,2,'2025-03-20 08:33:24','2025-03-20 08:33:24'),(50,'330','Ut tempore ea consequuntur soluta. Voluptatum hic consequuntur sed qui quia iusto qui eum. Beatae et culpa aut sint officiis omnis.',17,'closed',12,NULL,2,NULL,'2025-03-20 08:33:24','2025-03-20 08:33:24');
/*!40000 ALTER TABLE `csvi__appeal__appeals` ENABLE KEYS */;
UNLOCK TABLES;

LOCK TABLES `csvi__appeal__messages` WRITE;
/*!40000 ALTER TABLE `csvi__appeal__messages` DISABLE KEYS */;
/*!40000 ALTER TABLE `csvi__appeal__messages` ENABLE KEYS */;
UNLOCK TABLES;

LOCK TABLES `csvi__appeal__workers` WRITE;
/*!40000 ALTER TABLE `csvi__appeal__workers` DISABLE KEYS */;
/*!40000 ALTER TABLE `csvi__appeal__workers` ENABLE KEYS */;
UNLOCK TABLES;

LOCK TABLES `csvi__technical__folders` WRITE;
/*!40000 ALTER TABLE `csvi__technical__folders` DISABLE KEYS */;
REPLACE INTO `csvi__technical__folders` (`id`, `parent_id`, `division_id`, `name`) VALUES (1,NULL,127,'voluptatem'),(2,NULL,18,'ad'),(3,NULL,72,'totam'),(4,NULL,64,'tempore'),(5,NULL,129,'pariatur'),(6,NULL,116,'sequi'),(7,NULL,75,'maxime'),(8,NULL,183,'est'),(9,NULL,50,'corporis'),(10,NULL,108,'deleniti'),(11,NULL,135,'ad'),(12,NULL,118,'cumque'),(13,NULL,165,'a'),(14,NULL,55,'et'),(15,NULL,88,'aut'),(16,NULL,120,'incidunt'),(17,NULL,97,'et'),(18,NULL,123,'praesentium'),(19,NULL,145,'fugiat'),(20,NULL,173,'reprehenderit'),(21,12,124,'voluptatem'),(22,13,32,'beatae'),(23,NULL,93,'ut'),(24,NULL,153,'neque'),(25,17,116,'non'),(26,NULL,121,'dolores'),(27,3,104,'molestias'),(28,NULL,30,'voluptas'),(29,11,100,'est'),(30,NULL,24,'sint'),(31,16,52,'cupiditate'),(32,NULL,7,'id'),(33,13,5,'perferendis'),(34,16,133,'perspiciatis'),(35,6,147,'sunt'),(36,16,176,'et'),(37,NULL,115,'quae'),(38,17,61,'ut'),(39,NULL,78,'distinctio'),(40,NULL,75,'voluptas'),(41,16,175,'autem'),(42,NULL,112,'omnis'),(43,6,172,'sint'),(44,13,183,'aut'),(45,NULL,47,'quia'),(46,NULL,77,'dolorem'),(47,15,169,'aut'),(48,NULL,1,'aut'),(49,NULL,82,'animi'),(50,NULL,173,'iure'),(51,NULL,44,'repudiandae'),(52,NULL,177,'culpa'),(53,6,18,'est'),(54,8,123,'cum'),(55,NULL,136,'vel'),(56,11,73,'a'),(57,NULL,95,'aut'),(58,4,9,'quae'),(59,6,154,'aut'),(60,NULL,96,'eligendi'),(61,NULL,50,'commodi'),(62,1,92,'eos'),(63,3,1,'quam'),(64,NULL,173,'quia'),(65,NULL,122,'eum'),(66,13,103,'et'),(67,14,178,'aut'),(68,NULL,45,'tenetur'),(69,NULL,119,'facere'),(70,NULL,66,'qui'),(71,NULL,63,'dolor'),(72,NULL,21,'id'),(73,NULL,119,'rerum'),(74,19,32,'sunt'),(75,NULL,6,'enim'),(76,9,49,'voluptatem'),(77,NULL,14,'et'),(78,10,113,'nam'),(79,12,130,'iure'),(80,NULL,43,'id'),(81,13,41,'molestiae'),(82,19,174,'voluptatem'),(83,10,161,'enim'),(84,4,47,'dignissimos'),(85,10,92,'in'),(86,NULL,37,'veritatis'),(87,14,29,'et'),(88,NULL,38,'voluptate'),(89,NULL,69,'doloribus'),(90,NULL,126,'sunt'),(91,2,44,'repellat'),(92,NULL,51,'voluptatem'),(93,NULL,27,'doloremque'),(94,NULL,155,'quam'),(95,NULL,57,'facilis'),(96,NULL,135,'minima'),(97,NULL,159,'et'),(98,7,162,'ut'),(99,NULL,121,'vitae'),(100,NULL,100,'molestiae'),(101,12,142,'laudantium'),(102,NULL,19,'corrupti'),(103,NULL,59,'id'),(104,14,59,'in'),(105,15,147,'nisi'),(106,7,149,'officiis'),(107,4,124,'aperiam'),(108,2,51,'maxime'),(109,6,37,'quis'),(110,1,67,'non'),(111,NULL,176,'quas'),(112,NULL,60,'modi'),(113,NULL,72,'natus'),(114,18,87,'sint'),(115,16,131,'sint'),(116,18,25,'quia'),(117,NULL,1,'voluptas'),(118,18,56,'eligendi'),(119,11,31,'sed'),(120,4,109,'expedita'),(121,NULL,120,'tempora'),(122,7,81,'alias'),(123,15,32,'impedit'),(124,NULL,29,'et'),(125,8,57,'dolor'),(126,NULL,49,'quos'),(127,NULL,38,'fuga'),(128,NULL,146,'ut'),(129,4,174,'tempore'),(130,6,158,'et'),(131,12,97,'et'),(132,NULL,142,'dolore'),(133,4,120,'ut'),(134,15,166,'neque'),(135,NULL,80,'itaque'),(136,17,20,'blanditiis'),(137,NULL,157,'explicabo'),(138,19,57,'culpa'),(139,NULL,34,'et'),(140,NULL,74,'nostrum'),(141,8,56,'minima'),(142,NULL,146,'in'),(143,5,176,'possimus'),(144,15,172,'non'),(145,4,82,'maiores'),(146,NULL,34,'similique'),(147,3,113,'accusantium'),(148,10,112,'provident'),(149,NULL,114,'non'),(150,1,81,'rerum'),(151,9,169,'occaecati'),(152,NULL,172,'voluptates'),(153,18,173,'perspiciatis'),(154,14,37,'aut'),(155,4,125,'ipsam'),(156,NULL,24,'corrupti'),(157,NULL,102,'omnis'),(158,11,149,'aut'),(159,19,68,'et'),(160,NULL,111,'laborum'),(161,17,103,'alias'),(162,NULL,172,'vitae'),(163,NULL,146,'maxime'),(164,12,17,'sit'),(165,13,17,'libero'),(166,NULL,90,'amet'),(167,NULL,150,'voluptas'),(168,NULL,79,'maxime'),(169,NULL,125,'fugiat'),(170,NULL,131,'perspiciatis'),(171,15,79,'dolores'),(172,17,124,'omnis'),(173,20,165,'hic'),(174,9,129,'repudiandae'),(175,8,113,'et'),(176,3,114,'sapiente'),(177,7,149,'et'),(178,8,156,'voluptatem'),(179,11,64,'dolores'),(180,NULL,85,'sit'),(181,9,142,'blanditiis'),(182,NULL,131,'aut'),(183,NULL,143,'vel'),(184,15,38,'nesciunt'),(185,NULL,62,'dolores'),(186,NULL,26,'consequatur'),(187,19,146,'voluptatum'),(188,NULL,93,'consequuntur'),(189,NULL,148,'dolorem'),(190,20,28,'quam'),(191,15,157,'non'),(192,NULL,14,'perspiciatis'),(193,12,62,'nemo'),(194,20,138,'adipisci'),(195,8,122,'est'),(196,NULL,180,'et'),(197,NULL,177,'officiis'),(198,3,14,'tenetur'),(199,NULL,159,'modi'),(200,10,29,'aut');
/*!40000 ALTER TABLE `csvi__technical__folders` ENABLE KEYS */;
UNLOCK TABLES;

LOCK TABLES `csvi__technical__technicals` WRITE;
/*!40000 ALTER TABLE `csvi__technical__technicals` DISABLE KEYS */;
REPLACE INTO `csvi__technical__technicals` (`id`, `division_id`, `type_id`, `mark_id`, `folder_id`, `serial_number`, `inventory_number`, `model`, `exp_date`, `created_at`, `updated_at`, `deleted_at`) VALUES (1,35,8,152,134,'9-728-507','6-264-766',NULL,'2021-09-20','2025-03-20 08:33:25','2025-03-20 08:33:25',NULL),(2,93,3,64,6,'7-046-568','9-846-414',NULL,'1988-12-13','2025-03-20 08:33:25','2025-03-20 08:33:25',NULL),(3,67,1,19,20,'5-250-659','6-246-969',NULL,'2025-02-03','2025-03-20 08:33:25','2025-03-20 08:33:25',NULL),(4,167,7,95,NULL,'7-363-424','3-886-461',NULL,'1982-04-25','2025-03-20 08:33:25','2025-03-20 08:33:25',NULL),(5,148,8,170,57,'4-997-467','4-942-003',NULL,'1994-03-08','2025-03-20 08:33:25','2025-03-20 08:33:25',NULL),(6,118,5,87,NULL,'7-877-482','2-281-010',NULL,'1999-11-11','2025-03-20 08:33:25','2025-03-20 08:33:25',NULL),(7,73,7,118,NULL,'1-169-368','9-261-509',NULL,'2007-02-24','2025-03-20 08:33:25','2025-03-20 08:33:25',NULL),(8,113,8,154,NULL,'0-873-769','9-686-137',NULL,'2014-04-26','2025-03-20 08:33:25','2025-03-20 08:33:25',NULL),(9,37,5,92,37,'6-544-199','9-240-327',NULL,'2014-02-09','2025-03-20 08:33:25','2025-03-20 08:33:25',NULL),(10,123,7,106,NULL,'4-147-840','6-076-127',NULL,'2004-02-15','2025-03-20 08:33:25','2025-03-20 08:33:25',NULL),(11,93,1,8,NULL,'6-234-462','9-045-594',NULL,'2004-01-21','2025-03-20 08:33:25','2025-03-20 08:33:25',NULL),(12,106,4,68,NULL,'5-620-500','6-671-488',NULL,'2000-05-21','2025-03-20 08:33:25','2025-03-20 08:33:25',NULL),(13,175,7,128,41,'4-105-151','7-024-045',NULL,'1978-04-12','2025-03-20 08:33:25','2025-03-20 08:33:25',NULL),(14,13,5,85,NULL,'6-698-509','0-228-861',NULL,'2010-01-03','2025-03-20 08:33:25','2025-03-20 08:33:25',NULL),(15,164,3,52,NULL,'1-530-434','9-581-169',NULL,'1998-09-05','2025-03-20 08:33:25','2025-03-20 08:33:25',NULL),(16,113,3,53,190,'6-786-514','4-046-323',NULL,'2022-07-11','2025-03-20 08:33:25','2025-03-20 08:33:25',NULL),(17,130,10,183,NULL,'6-657-898','9-164-107',NULL,'2021-06-11','2025-03-20 08:33:25','2025-03-20 08:33:25',NULL),(18,78,2,35,NULL,'0-726-221','1-354-058',NULL,'2001-01-13','2025-03-20 08:33:26','2025-03-20 08:33:26',NULL),(19,97,8,172,11,'7-788-801','6-301-317',NULL,'1987-09-26','2025-03-20 08:33:26','2025-03-20 08:33:26',NULL),(20,148,7,103,NULL,'5-816-163','3-181-626',NULL,'2021-04-11','2025-03-20 08:33:26','2025-03-20 08:33:26',NULL),(21,36,7,121,NULL,'8-873-318','5-538-580',NULL,'1994-04-06','2025-03-20 08:33:26','2025-03-20 08:33:26',NULL),(22,179,7,118,123,'8-732-274','9-708-787',NULL,'1988-03-29','2025-03-20 08:33:26','2025-03-20 08:33:26',NULL),(23,122,1,33,4,'1-460-258','8-463-339',NULL,'2012-08-12','2025-03-20 08:33:26','2025-03-20 08:33:26',NULL),(24,158,8,163,NULL,'7-092-098','2-800-009',NULL,'1998-05-06','2025-03-20 08:33:26','2025-03-20 08:33:26',NULL),(25,172,8,144,81,'7-209-416','6-976-945',NULL,'2023-06-01','2025-03-20 08:33:26','2025-03-20 08:33:26',NULL),(26,60,8,145,NULL,'5-296-592','6-568-791',NULL,'1989-06-10','2025-03-20 08:33:26','2025-03-20 08:33:26',NULL),(27,55,5,81,79,'4-445-652','8-955-505',NULL,'2000-07-02','2025-03-20 08:33:26','2025-03-20 08:33:26',NULL),(28,162,8,164,NULL,'6-845-877','2-138-172',NULL,'2008-09-15','2025-03-20 08:33:26','2025-03-20 08:33:26',NULL),(29,71,4,69,105,'2-313-397','9-790-453',NULL,'1978-12-20','2025-03-20 08:33:26','2025-03-20 08:33:26',NULL),(30,163,7,98,196,'5-972-646','1-148-682',NULL,'2010-03-20','2025-03-20 08:33:26','2025-03-20 08:33:26',NULL),(31,135,7,132,134,'0-694-288','7-421-019',NULL,'2006-02-04','2025-03-20 08:33:26','2025-03-20 08:33:26',NULL),(32,103,8,146,119,'2-834-999','8-848-603',NULL,'1974-06-22','2025-03-20 08:33:26','2025-03-20 08:33:26',NULL),(33,59,7,110,142,'8-882-868','5-423-797',NULL,'2007-04-30','2025-03-20 08:33:26','2025-03-20 08:33:26',NULL),(34,152,1,32,NULL,'7-400-743','0-954-369',NULL,'2023-04-01','2025-03-20 08:33:26','2025-03-20 08:33:26',NULL),(35,126,8,167,NULL,'6-520-293','0-272-035',NULL,'1976-11-20','2025-03-20 08:33:26','2025-03-20 08:33:26',NULL),(36,124,8,174,NULL,'8-747-369','5-603-554',NULL,'1977-06-13','2025-03-20 08:33:26','2025-03-20 08:33:26',NULL),(37,151,7,121,41,'7-588-217','2-538-425',NULL,'1992-04-14','2025-03-20 08:33:26','2025-03-20 08:33:26',NULL),(38,75,5,87,104,'2-551-721','1-943-181',NULL,'1993-12-01','2025-03-20 08:33:26','2025-03-20 08:33:26',NULL),(39,135,8,166,NULL,'3-288-301','6-379-472',NULL,'2017-10-20','2025-03-20 08:33:26','2025-03-20 08:33:26',NULL),(40,143,8,155,NULL,'1-779-854','4-407-155',NULL,'1978-02-06','2025-03-20 08:33:26','2025-03-20 08:33:26',NULL),(41,166,7,101,NULL,'8-671-687','5-407-453',NULL,'1986-04-23','2025-03-20 08:33:26','2025-03-20 08:33:26',NULL),(42,73,2,40,156,'2-268-452','7-186-416',NULL,'1989-02-05','2025-03-20 08:33:26','2025-03-20 08:33:26',NULL),(43,125,8,173,NULL,'4-697-971','3-904-458',NULL,'2012-02-08','2025-03-20 08:33:26','2025-03-20 08:33:26',NULL),(44,104,7,124,NULL,'5-866-731','8-031-284',NULL,'2025-02-08','2025-03-20 08:33:26','2025-03-20 08:33:26',NULL),(45,6,8,157,97,'1-201-833','4-789-386',NULL,'1970-08-05','2025-03-20 08:33:26','2025-03-20 08:33:26',NULL),(46,114,8,149,57,'9-246-720','8-890-872',NULL,'2000-12-20','2025-03-20 08:33:26','2025-03-20 08:33:26',NULL),(47,169,7,120,NULL,'1-831-409','2-297-041',NULL,'1984-09-19','2025-03-20 08:33:26','2025-03-20 08:33:26',NULL),(48,112,2,46,139,'1-423-399','1-912-332',NULL,'1985-10-13','2025-03-20 08:33:26','2025-03-20 08:33:26',NULL),(49,70,9,180,NULL,'6-219-349','1-562-116',NULL,'2009-02-17','2025-03-20 08:33:26','2025-03-20 08:33:26',NULL),(50,134,1,17,NULL,'4-927-777','7-828-583',NULL,'1997-07-13','2025-03-20 08:33:26','2025-03-20 08:33:26',NULL),(51,73,5,87,167,'9-002-268','1-083-847',NULL,'1982-09-21','2025-03-20 08:33:26','2025-03-20 08:33:26',NULL),(52,53,5,91,NULL,'2-416-262','4-786-673',NULL,'1996-12-27','2025-03-20 08:33:26','2025-03-20 08:33:26',NULL),(53,63,7,115,NULL,'0-826-156','0-553-555',NULL,'2003-01-27','2025-03-20 08:33:26','2025-03-20 08:33:26',NULL),(54,75,8,169,74,'0-912-303','6-784-318',NULL,'2012-06-08','2025-03-20 08:33:26','2025-03-20 08:33:26',NULL),(55,88,4,77,NULL,'1-517-860','4-881-142',NULL,'1983-04-02','2025-03-20 08:33:26','2025-03-20 08:33:26',NULL),(56,134,2,41,63,'3-426-911','0-251-247',NULL,'2006-09-16','2025-03-20 08:33:26','2025-03-20 08:33:26',NULL),(57,62,9,178,NULL,'5-468-031','9-709-869',NULL,'1996-08-04','2025-03-20 08:33:26','2025-03-20 08:33:26',NULL),(58,98,5,86,NULL,'6-169-862','4-705-733',NULL,'1975-08-03','2025-03-20 08:33:26','2025-03-20 08:33:26',NULL),(59,81,2,43,NULL,'8-256-321','0-691-606',NULL,'2015-12-14','2025-03-20 08:33:26','2025-03-20 08:33:26',NULL),(60,73,8,169,144,'2-489-368','6-571-623',NULL,'1979-04-04','2025-03-20 08:33:26','2025-03-20 08:33:26',NULL),(61,25,1,25,NULL,'7-645-895','7-753-708',NULL,'2003-08-11','2025-03-20 08:33:26','2025-03-20 08:33:26',NULL),(62,79,8,173,3,'2-964-846','7-778-482',NULL,'2004-10-26','2025-03-20 08:33:26','2025-03-20 08:33:26',NULL),(63,5,3,54,131,'2-815-997','4-671-196',NULL,'1988-06-22','2025-03-20 08:33:26','2025-03-20 08:33:26',NULL),(64,24,4,75,154,'3-293-114','6-634-367',NULL,'2017-05-19','2025-03-20 08:33:26','2025-03-20 08:33:26',NULL),(65,156,8,172,176,'5-456-337','5-449-119',NULL,'2015-11-12','2025-03-20 08:33:26','2025-03-20 08:33:26',NULL),(66,100,1,18,69,'8-587-372','3-916-147',NULL,'2017-07-20','2025-03-20 08:33:26','2025-03-20 08:33:26',NULL),(67,30,8,155,176,'2-819-087','4-978-256',NULL,'2018-09-15','2025-03-20 08:33:26','2025-03-20 08:33:26',NULL),(68,100,8,148,NULL,'9-237-621','6-096-269',NULL,'2003-03-05','2025-03-20 08:33:26','2025-03-20 08:33:26',NULL),(69,97,8,168,164,'9-972-694','1-760-207',NULL,'2015-04-23','2025-03-20 08:33:26','2025-03-20 08:33:26',NULL),(70,55,8,158,110,'7-512-668','7-535-532',NULL,'1974-06-11','2025-03-20 08:33:26','2025-03-20 08:33:26',NULL),(71,1,4,70,106,'9-192-313','9-632-745',NULL,'1983-10-02','2025-03-20 08:33:26','2025-03-20 08:33:26',NULL),(72,134,9,176,NULL,'7-909-515','8-495-448',NULL,'1994-12-26','2025-03-20 08:33:26','2025-03-20 08:33:26',NULL),(73,111,1,14,106,'2-860-205','1-700-974',NULL,'1985-08-19','2025-03-20 08:33:26','2025-03-20 08:33:26',NULL),(74,160,7,140,NULL,'0-279-327','2-854-592',NULL,'2011-02-24','2025-03-20 08:33:26','2025-03-20 08:33:26',NULL),(75,29,3,55,NULL,'0-509-804','5-327-395',NULL,'1986-10-08','2025-03-20 08:33:26','2025-03-20 08:33:26',NULL),(76,130,3,63,NULL,'6-682-435','6-875-428',NULL,'1989-09-23','2025-03-20 08:33:26','2025-03-20 08:33:26',NULL),(77,66,2,44,35,'3-591-130','4-707-319',NULL,'1989-06-17','2025-03-20 08:33:26','2025-03-20 08:33:26',NULL),(78,60,5,89,NULL,'1-524-238','9-800-985',NULL,'2000-08-04','2025-03-20 08:33:26','2025-03-20 08:33:26',NULL),(79,93,1,21,138,'9-863-806','4-099-096',NULL,'1992-07-25','2025-03-20 08:33:26','2025-03-20 08:33:26',NULL),(80,89,3,60,156,'8-026-406','6-758-408',NULL,'1985-10-01','2025-03-20 08:33:26','2025-03-20 08:33:26',NULL),(81,123,7,107,NULL,'0-913-215','1-273-667',NULL,'2012-01-13','2025-03-20 08:33:26','2025-03-20 08:33:26',NULL),(82,49,7,98,NULL,'8-409-495','8-841-417',NULL,'1974-09-16','2025-03-20 08:33:26','2025-03-20 08:33:26',NULL),(83,128,7,138,115,'8-881-761','7-734-013',NULL,'1998-04-25','2025-03-20 08:33:26','2025-03-20 08:33:26',NULL),(84,24,1,5,134,'5-545-131','2-912-955',NULL,'2023-10-05','2025-03-20 08:33:26','2025-03-20 08:33:26',NULL),(85,24,2,38,NULL,'7-712-300','5-923-323',NULL,'1986-08-02','2025-03-20 08:33:26','2025-03-20 08:33:26',NULL),(86,114,2,38,72,'4-956-246','5-051-267',NULL,'1985-03-26','2025-03-20 08:33:26','2025-03-20 08:33:26',NULL),(87,107,3,50,24,'2-651-943','9-957-774',NULL,'2013-05-18','2025-03-20 08:33:26','2025-03-20 08:33:26',NULL),(88,27,1,27,NULL,'9-563-217','8-503-779',NULL,'2005-08-25','2025-03-20 08:33:26','2025-03-20 08:33:26',NULL),(89,163,7,102,NULL,'5-431-113','5-125-667',NULL,'1979-08-11','2025-03-20 08:33:26','2025-03-20 08:33:26',NULL),(90,93,3,59,NULL,'0-319-866','0-906-799',NULL,'1993-10-25','2025-03-20 08:33:26','2025-03-20 08:33:26',NULL),(91,174,7,108,NULL,'7-093-922','2-339-512',NULL,'2015-05-15','2025-03-20 08:33:26','2025-03-20 08:33:26',NULL),(92,110,1,4,18,'4-796-753','4-171-251',NULL,'1992-05-10','2025-03-20 08:33:26','2025-03-20 08:33:26',NULL),(93,158,10,184,NULL,'4-971-527','0-142-320',NULL,'1990-12-20','2025-03-20 08:33:26','2025-03-20 08:33:26',NULL),(94,56,8,173,NULL,'5-612-836','8-987-487',NULL,'1983-09-21','2025-03-20 08:33:26','2025-03-20 08:33:26',NULL),(95,73,8,166,58,'2-016-148','0-197-698',NULL,'2011-12-22','2025-03-20 08:33:26','2025-03-20 08:33:26',NULL),(96,87,7,95,196,'0-115-426','8-548-438',NULL,'2013-01-31','2025-03-20 08:33:26','2025-03-20 08:33:26',NULL),(97,37,8,172,NULL,'3-130-067','6-016-370',NULL,'1977-09-16','2025-03-20 08:33:26','2025-03-20 08:33:26',NULL),(98,59,9,180,48,'6-054-551','6-994-003',NULL,'2004-11-19','2025-03-20 08:33:26','2025-03-20 08:33:26',NULL),(99,79,3,51,51,'0-630-232','1-724-135',NULL,'1988-12-25','2025-03-20 08:33:26','2025-03-20 08:33:26',NULL),(100,162,3,51,67,'8-088-036','8-889-757',NULL,'1986-07-07','2025-03-20 08:33:26','2025-03-20 08:33:26',NULL),(101,121,5,87,NULL,'1-893-725','9-305-011',NULL,'1979-11-15','2025-03-20 08:33:26','2025-03-20 08:33:26',NULL),(102,125,7,112,96,'0-905-242','0-216-774',NULL,'2009-05-10','2025-03-20 08:33:26','2025-03-20 08:33:26',NULL),(103,55,1,23,NULL,'7-569-177','9-110-279',NULL,'1977-12-29','2025-03-20 08:33:26','2025-03-20 08:33:26',NULL),(104,177,2,42,80,'8-306-649','3-769-866',NULL,'1976-09-25','2025-03-20 08:33:26','2025-03-20 08:33:26',NULL),(105,149,7,131,NULL,'3-515-912','0-853-004',NULL,'2014-09-27','2025-03-20 08:33:26','2025-03-20 08:33:26',NULL),(106,152,3,54,NULL,'4-026-463','0-299-362',NULL,'1974-01-31','2025-03-20 08:33:26','2025-03-20 08:33:26',NULL),(107,66,3,58,191,'7-332-631','7-836-633',NULL,'2017-04-23','2025-03-20 08:33:26','2025-03-20 08:33:26',NULL),(108,112,11,189,120,'1-954-850','2-112-196',NULL,'2017-05-25','2025-03-20 08:33:26','2025-03-20 08:33:26',NULL),(109,177,1,34,NULL,'6-420-795','8-664-477',NULL,'1977-03-23','2025-03-20 08:33:26','2025-03-20 08:33:26',NULL),(110,89,1,18,126,'6-352-041','9-191-591',NULL,'2007-10-18','2025-03-20 08:33:26','2025-03-20 08:33:26',NULL),(111,31,7,108,64,'2-435-649','5-053-004',NULL,'2009-07-09','2025-03-20 08:33:26','2025-03-20 08:33:26',NULL),(112,167,8,157,114,'1-650-537','4-886-054',NULL,'1979-06-09','2025-03-20 08:33:26','2025-03-20 08:33:26',NULL),(113,151,7,139,15,'8-336-351','7-908-846',NULL,'1975-06-13','2025-03-20 08:33:26','2025-03-20 08:33:26',NULL),(114,89,1,24,NULL,'5-246-514','3-403-645',NULL,'1989-06-18','2025-03-20 08:33:26','2025-03-20 08:33:26',NULL),(115,97,2,40,132,'9-568-368','3-758-217',NULL,'1970-03-08','2025-03-20 08:33:26','2025-03-20 08:33:26',NULL),(116,20,8,145,NULL,'8-818-331','7-674-875',NULL,'2003-07-10','2025-03-20 08:33:26','2025-03-20 08:33:26',NULL),(117,160,1,25,91,'2-091-358','6-456-121',NULL,'2021-11-07','2025-03-20 08:33:26','2025-03-20 08:33:26',NULL),(118,38,4,69,169,'2-925-821','5-045-321',NULL,'1989-07-08','2025-03-20 08:33:26','2025-03-20 08:33:26',NULL),(119,183,4,77,NULL,'9-468-983','8-179-130',NULL,'1999-11-18','2025-03-20 08:33:26','2025-03-20 08:33:26',NULL),(120,71,2,47,77,'2-771-826','3-722-977',NULL,'1976-02-07','2025-03-20 08:33:26','2025-03-20 08:33:26',NULL),(121,182,7,108,NULL,'5-410-873','9-246-909',NULL,'2015-02-16','2025-03-20 08:33:26','2025-03-20 08:33:26',NULL),(122,30,2,42,135,'7-300-753','2-706-051',NULL,'2011-04-12','2025-03-20 08:33:26','2025-03-20 08:33:26',NULL),(123,3,4,70,168,'7-730-849','4-105-779',NULL,'2002-03-01','2025-03-20 08:33:26','2025-03-20 08:33:26',NULL),(124,23,7,126,NULL,'3-004-272','5-035-768',NULL,'2022-11-08','2025-03-20 08:33:26','2025-03-20 08:33:26',NULL),(125,100,3,50,NULL,'7-527-477','7-847-610',NULL,'1976-09-09','2025-03-20 08:33:26','2025-03-20 08:33:26',NULL),(126,181,9,180,111,'6-281-972','8-908-959',NULL,'1984-08-16','2025-03-20 08:33:26','2025-03-20 08:33:26',NULL),(127,38,7,135,NULL,'1-835-237','1-069-227',NULL,'1995-08-10','2025-03-20 08:33:26','2025-03-20 08:33:26',NULL),(128,96,1,13,NULL,'0-368-719','7-881-870',NULL,'1982-12-25','2025-03-20 08:33:26','2025-03-20 08:33:26',NULL),(129,8,8,149,102,'0-280-641','3-210-491',NULL,'1986-05-21','2025-03-20 08:33:26','2025-03-20 08:33:26',NULL),(130,85,1,5,NULL,'3-376-826','8-224-869',NULL,'2021-01-16','2025-03-20 08:33:26','2025-03-20 08:33:26',NULL),(131,62,7,135,148,'4-957-355','2-613-326',NULL,'1971-06-25','2025-03-20 08:33:26','2025-03-20 08:33:26',NULL),(132,163,8,171,NULL,'7-542-655','1-088-814',NULL,'2008-04-01','2025-03-20 08:33:26','2025-03-20 08:33:26',NULL),(133,167,7,131,NULL,'4-495-233','8-974-855',NULL,'2004-07-02','2025-03-20 08:33:26','2025-03-20 08:33:26',NULL),(134,105,1,5,18,'2-708-751','1-297-740',NULL,'2024-03-30','2025-03-20 08:33:26','2025-03-20 08:33:26',NULL),(135,109,1,32,32,'0-242-581','0-256-527',NULL,'2013-01-21','2025-03-20 08:33:26','2025-03-20 08:33:26',NULL),(136,33,2,36,55,'8-376-032','6-570-945',NULL,'1990-04-19','2025-03-20 08:33:26','2025-03-20 08:33:26',NULL),(137,38,2,38,NULL,'3-581-247','1-526-979',NULL,'1988-09-02','2025-03-20 08:33:26','2025-03-20 08:33:26',NULL),(138,146,7,124,NULL,'9-915-779','9-052-081',NULL,'2016-12-04','2025-03-20 08:33:26','2025-03-20 08:33:26',NULL),(139,33,7,128,NULL,'8-660-096','7-735-434',NULL,'2009-01-30','2025-03-20 08:33:26','2025-03-20 08:33:26',NULL),(140,164,11,188,143,'6-613-724','0-515-640',NULL,'1987-06-19','2025-03-20 08:33:26','2025-03-20 08:33:26',NULL),(141,78,5,85,61,'3-294-515','3-956-894',NULL,'1982-01-21','2025-03-20 08:33:26','2025-03-20 08:33:26',NULL),(142,170,4,74,13,'1-219-501','3-926-854',NULL,'2004-01-14','2025-03-20 08:33:26','2025-03-20 08:33:26',NULL),(143,156,7,115,NULL,'3-446-392','0-858-906',NULL,'2004-12-21','2025-03-20 08:33:26','2025-03-20 08:33:26',NULL),(144,107,9,182,NULL,'1-945-684','6-823-325',NULL,'1995-05-28','2025-03-20 08:33:26','2025-03-20 08:33:26',NULL),(145,47,7,125,149,'6-149-657','7-028-641',NULL,'2016-05-14','2025-03-20 08:33:26','2025-03-20 08:33:26',NULL),(146,17,7,102,14,'8-426-766','4-993-966',NULL,'1977-09-02','2025-03-20 08:33:26','2025-03-20 08:33:26',NULL),(147,47,8,158,NULL,'7-449-148','7-909-705',NULL,'1995-07-01','2025-03-20 08:33:26','2025-03-20 08:33:26',NULL),(148,24,2,40,NULL,'4-745-794','8-015-928',NULL,'2024-11-13','2025-03-20 08:33:26','2025-03-20 08:33:26',NULL),(149,97,11,188,95,'4-756-919','8-379-890',NULL,'1981-05-28','2025-03-20 08:33:26','2025-03-20 08:33:26',NULL),(150,113,8,154,NULL,'7-074-572','9-979-557',NULL,'2018-10-17','2025-03-20 08:33:26','2025-03-20 08:33:26',NULL),(151,166,10,183,18,'4-453-636','6-203-075',NULL,'2013-03-17','2025-03-20 08:33:26','2025-03-20 08:33:26',NULL),(152,11,7,137,NULL,'8-796-422','5-183-087',NULL,'1974-08-03','2025-03-20 08:33:26','2025-03-20 08:33:26',NULL),(153,117,1,11,168,'4-389-654','5-285-225',NULL,'1970-03-25','2025-03-20 08:33:26','2025-03-20 08:33:26',NULL),(154,2,2,36,73,'0-324-738','7-242-601',NULL,'2007-02-21','2025-03-20 08:33:26','2025-03-20 08:33:26',NULL),(155,52,7,143,NULL,'8-278-942','5-336-403',NULL,'2008-05-20','2025-03-20 08:33:26','2025-03-20 08:33:26',NULL),(156,163,8,159,199,'3-915-529','0-347-878',NULL,'2024-11-15','2025-03-20 08:33:26','2025-03-20 08:33:26',NULL),(157,5,7,109,NULL,'9-641-420','9-434-304',NULL,'1978-11-07','2025-03-20 08:33:26','2025-03-20 08:33:26',NULL),(158,51,1,16,NULL,'3-208-485','9-491-591',NULL,'1996-07-11','2025-03-20 08:33:26','2025-03-20 08:33:26',NULL),(159,87,1,32,NULL,'3-694-448','1-519-452',NULL,'2013-09-21','2025-03-20 08:33:26','2025-03-20 08:33:26',NULL),(160,41,1,23,NULL,'7-285-826','3-626-840',NULL,'1989-06-05','2025-03-20 08:33:26','2025-03-20 08:33:26',NULL),(161,50,2,45,193,'4-925-063','0-028-796',NULL,'2003-04-10','2025-03-20 08:33:26','2025-03-20 08:33:26',NULL),(162,117,7,101,98,'9-295-729','2-235-848',NULL,'1992-10-23','2025-03-20 08:33:26','2025-03-20 08:33:26',NULL),(163,38,8,145,NULL,'2-595-708','1-914-099',NULL,'1972-03-15','2025-03-20 08:33:26','2025-03-20 08:33:26',NULL),(164,168,3,62,12,'3-442-524','1-216-744',NULL,'1997-10-28','2025-03-20 08:33:26','2025-03-20 08:33:26',NULL),(165,162,8,172,110,'1-809-367','5-581-511',NULL,'1980-02-26','2025-03-20 08:33:26','2025-03-20 08:33:26',NULL),(166,165,7,127,186,'2-216-606','0-991-740',NULL,'2007-05-20','2025-03-20 08:33:26','2025-03-20 08:33:26',NULL),(167,35,8,157,NULL,'8-388-474','8-381-300',NULL,'1980-10-14','2025-03-20 08:33:26','2025-03-20 08:33:26',NULL),(168,28,7,125,31,'4-187-709','5-569-349',NULL,'2000-07-28','2025-03-20 08:33:26','2025-03-20 08:33:26',NULL),(169,46,8,164,169,'1-667-531','3-280-438',NULL,'1987-03-11','2025-03-20 08:33:26','2025-03-20 08:33:26',NULL),(170,9,5,91,52,'9-553-092','5-800-244',NULL,'1980-12-15','2025-03-20 08:33:26','2025-03-20 08:33:26',NULL),(171,23,1,15,NULL,'4-020-535','8-171-021',NULL,'1989-08-24','2025-03-20 08:33:26','2025-03-20 08:33:26',NULL),(172,181,9,178,142,'6-324-474','3-181-625',NULL,'1988-08-31','2025-03-20 08:33:26','2025-03-20 08:33:26',NULL),(173,23,8,160,NULL,'6-865-252','0-659-155',NULL,'2012-07-15','2025-03-20 08:33:26','2025-03-20 08:33:26',NULL),(174,22,1,22,58,'6-575-840','2-243-871',NULL,'2022-01-08','2025-03-20 08:33:26','2025-03-20 08:33:26',NULL),(175,175,8,159,NULL,'1-376-710','5-331-915',NULL,'1996-04-01','2025-03-20 08:33:26','2025-03-20 08:33:26',NULL),(176,159,1,30,158,'7-145-066','6-037-789',NULL,'1985-12-13','2025-03-20 08:33:26','2025-03-20 08:33:26',NULL),(177,144,8,159,NULL,'7-935-313','6-434-389',NULL,'2010-12-28','2025-03-20 08:33:26','2025-03-20 08:33:26',NULL),(178,115,8,162,NULL,'1-530-646','7-282-663',NULL,'1981-12-26','2025-03-20 08:33:26','2025-03-20 08:33:26',NULL),(179,28,1,18,156,'6-387-568','3-537-354',NULL,'1976-10-19','2025-03-20 08:33:26','2025-03-20 08:33:26',NULL),(180,120,7,136,NULL,'4-839-596','6-880-300',NULL,'2006-01-12','2025-03-20 08:33:26','2025-03-20 08:33:26',NULL),(181,21,7,127,154,'2-204-780','4-902-339',NULL,'2017-05-02','2025-03-20 08:33:26','2025-03-20 08:33:26',NULL),(182,148,1,30,NULL,'6-377-885','4-024-663',NULL,'2016-04-18','2025-03-20 08:33:26','2025-03-20 08:33:26',NULL),(183,63,7,122,NULL,'0-334-957','1-103-345',NULL,'1989-05-31','2025-03-20 08:33:26','2025-03-20 08:33:26',NULL),(184,62,7,114,NULL,'2-849-283','4-823-295',NULL,'1979-03-06','2025-03-20 08:33:26','2025-03-20 08:33:26',NULL),(185,124,8,175,NULL,'2-756-841','2-123-321',NULL,'1996-12-26','2025-03-20 08:33:26','2025-03-20 08:33:26',NULL),(186,25,5,88,NULL,'6-272-376','4-022-936',NULL,'1979-06-26','2025-03-20 08:33:26','2025-03-20 08:33:26',NULL),(187,136,1,7,NULL,'6-186-424','6-404-363',NULL,'2018-12-19','2025-03-20 08:33:26','2025-03-20 08:33:26',NULL),(188,175,5,80,NULL,'4-296-305','3-274-322',NULL,'2005-06-05','2025-03-20 08:33:26','2025-03-20 08:33:26',NULL),(189,53,3,63,25,'8-714-800','8-701-273',NULL,'2009-10-05','2025-03-20 08:33:26','2025-03-20 08:33:26',NULL),(190,19,4,70,118,'2-105-214','6-829-914',NULL,'1978-07-08','2025-03-20 08:33:26','2025-03-20 08:33:26',NULL),(191,39,1,8,NULL,'6-743-887','1-792-275',NULL,'1992-12-31','2025-03-20 08:33:26','2025-03-20 08:33:26',NULL),(192,122,1,33,61,'6-347-066','0-901-049',NULL,'1978-09-04','2025-03-20 08:33:26','2025-03-20 08:33:26',NULL),(193,28,3,52,191,'3-099-743','2-522-409',NULL,'2009-10-05','2025-03-20 08:33:26','2025-03-20 08:33:26',NULL),(194,76,8,166,NULL,'7-865-788','1-970-138',NULL,'2022-01-17','2025-03-20 08:33:26','2025-03-20 08:33:26',NULL),(195,83,7,140,NULL,'1-714-384','8-553-101',NULL,'2000-08-17','2025-03-20 08:33:26','2025-03-20 08:33:26',NULL),(196,56,7,122,71,'0-868-039','5-002-662',NULL,'1980-11-02','2025-03-20 08:33:26','2025-03-20 08:33:26',NULL),(197,30,2,43,90,'9-603-461','9-093-481',NULL,'2008-11-18','2025-03-20 08:33:26','2025-03-20 08:33:26',NULL),(198,64,7,139,NULL,'9-199-393','5-363-208',NULL,'2002-10-07','2025-03-20 08:33:26','2025-03-20 08:33:26',NULL),(199,118,7,129,27,'9-512-825','6-635-906',NULL,'2001-06-16','2025-03-20 08:33:26','2025-03-20 08:33:26',NULL),(200,16,8,168,119,'0-968-156','0-914-546',NULL,'1997-11-26','2025-03-20 08:33:26','2025-03-20 08:33:26',NULL);
/*!40000 ALTER TABLE `csvi__technical__technicals` ENABLE KEYS */;
UNLOCK TABLES;

LOCK TABLES `main__alerts` WRITE;
/*!40000 ALTER TABLE `main__alerts` DISABLE KEYS */;
/*!40000 ALTER TABLE `main__alerts` ENABLE KEYS */;
UNLOCK TABLES;

LOCK TABLES `main__table_filters` WRITE;
/*!40000 ALTER TABLE `main__table_filters` DISABLE KEYS */;
/*!40000 ALTER TABLE `main__table_filters` ENABLE KEYS */;
UNLOCK TABLES;

LOCK TABLES `main__user_pivot_permission` WRITE;
/*!40000 ALTER TABLE `main__user_pivot_permission` DISABLE KEYS */;
REPLACE INTO `main__user_pivot_permission` (`id`, `user_id`, `permission_code`) VALUES (1,2,'technical-work'),(2,2,'appeal-work');
/*!40000 ALTER TABLE `main__user_pivot_permission` ENABLE KEYS */;
UNLOCK TABLES;

LOCK TABLES `main__user_pivot_role` WRITE;
/*!40000 ALTER TABLE `main__user_pivot_role` DISABLE KEYS */;
/*!40000 ALTER TABLE `main__user_pivot_role` ENABLE KEYS */;
UNLOCK TABLES;

LOCK TABLES `main__users` WRITE;
/*!40000 ALTER TABLE `main__users` DISABLE KEYS */;
REPLACE INTO `main__users` (`id`, `last_name`, `first_name`, `middle_name`, `full_name`, `phone`, `email`, `login`, `password`, `logo`, `division_id`, `email_verified_at`, `remember_token`, `created_at`, `updated_at`) VALUES (1,'СИСТЕМА',NULL,NULL,'СИСТЕМА test',NULL,NULL,'system','$2y$12$JfHBB/TV4eQbNSNcFDoqwOKkZBNFuP.OAe6cZ9X6/dx4BiKopAr4q',NULL,2,NULL,NULL,'2025-03-20 08:33:20','2025-03-20 08:33:20'),(2,'Администратор',NULL,NULL,'Администратор',NULL,'admin@test.ru','admin','$2y$12$6Ex04b8oYTKWccqGVz1CduSV0kgXpM/jok1z3/VCjRC07PUa2qr/W',NULL,2,NULL,NULL,'2025-03-20 08:33:21','2025-03-20 08:33:21'),(3,'Пользователь',NULL,NULL,'Пользователь',NULL,'user@test.ru','user','$2y$12$Gw7Z/uFv8i58E55uDH0P/edWcAHOUqe3TcIfz4tk0XOumH9DhLW1K',NULL,2,NULL,NULL,'2025-03-20 08:33:21','2025-03-20 08:33:21'),(4,'Пономарёв','Аркадий','Филиппович','komissarov.vladlena','(35222) 30-8287','elizaveta71@hotmail.com','komissarov.vladlena','$2y$12$WirXUuF.P/mhpuzE0JuRUORCfljOKrGx9qpfXE6.Y3m.8OhUFl1ey',NULL,60,'2025-03-20 15:33:21',NULL,'2025-03-20 08:33:23','2025-03-20 08:33:23'),(5,'Михеев','Август','Комарович','saveleva.akov','(495) 848-3643','msamsonova@masnikova.ru','saveleva.akov','$2y$12$iCRBZV2jC0RrBn5/FNp2aOxy9uupHJ9IP7cQeBOIb4jyezYkjPVx6',NULL,163,'2025-03-20 15:33:22',NULL,'2025-03-20 08:33:23','2025-03-20 08:33:23'),(6,'Дмитриев','Виль','Попович','cnikolaev','(812) 904-96-70','akusev.apollon@ponomareva.com','cnikolaev','$2y$12$Ms/Hyph3zMFd7z.4p5qwWeRMtGCJu0x8pR68kFtos6V4om6rEN8la',NULL,55,'2025-03-20 15:33:22',NULL,'2025-03-20 08:33:23','2025-03-20 08:33:23'),(7,'Жуков','Аркадий','Тихонович','inga14','(812) 613-73-13','nadezda.avdeeva@sokolov.com','inga14','$2y$12$MMWK5sO.EEgVf4tfrOhOHOPqCvEZAyov2Hm6WFHJlTe3Uv3XgnFIS',NULL,141,NULL,NULL,'2025-03-20 08:33:23','2025-03-20 08:33:23'),(8,'Селезнёв','Назар','Анисимович','gerasim94','(495) 700-4193','lihacev.lada@ya.ru','gerasim94','$2y$12$rycL7BrOnyHGyIiZehYbmum0fWvTTC7EmuvPKHetCcfFl.Ny7.upy',NULL,75,NULL,NULL,'2025-03-20 08:33:23','2025-03-20 08:33:23'),(9,'Васильев','Антонин','Мухинич','adam68','(35222) 87-7196','florentina39@mail.ru','adam68','$2y$12$C.tUlPnVFd2pMuoLXs5AY.dY86MURkE9OBfB5kdXA8WbyCJe.9B5S',NULL,156,NULL,NULL,'2025-03-20 08:33:23','2025-03-20 08:33:23'),(10,'Моисеев','Арсений','Турович','viktoria.kirillov','(812) 356-68-81','loginova.iraklij@gmail.com','viktoria.kirillov','$2y$12$ELhOxdJGyUxpOQVUFxMhouOFo5a14Mlp6sUUfPc57WhUwU9G8GTPy',NULL,68,NULL,NULL,'2025-03-20 08:33:23','2025-03-20 08:33:23'),(11,'Дементьев','Вениамин','Субботинич','fedoseeva.alla','8-800-625-2216','gennadij77@agafonov.net','fedoseeva.alla','$2y$12$G9DeSAJSp/hKWRJid6i3eOFzUJMv9iXPwtbLKYeY7HgPTgS4IO86e',NULL,148,NULL,NULL,'2025-03-20 08:33:23','2025-03-20 08:33:23'),(12,'Лихачёв','Гарри','Мамонтович','rodion.sitnikova','+7 (922) 135-0997','vitold46@rabova.ru','rodion.sitnikova','$2y$12$dTrWbzpF5808nKaMQtpiBOjJavzpd6oiqQA98n/u3EKew7qmQu2KK',NULL,108,NULL,NULL,'2025-03-20 08:33:23','2025-03-20 08:33:23'),(13,'Шаров','Евгений','Русакович','polakova.margarita','(812) 544-09-44','alla75@fomicev.net','polakova.margarita','$2y$12$mf6J8wdy40yZvKsXfBQs5uCvlkJWOT0tirSYPV4rZNxupBv5zYVI.',NULL,53,'2025-03-20 15:33:23',NULL,'2025-03-20 08:33:23','2025-03-20 08:33:23');
/*!40000 ALTER TABLE `main__users` ENABLE KEYS */;
UNLOCK TABLES;
/*!40103 SET TIME_ZONE=@OLD_TIME_ZONE */;

/*!40101 SET SQL_MODE=@OLD_SQL_MODE */;
/*!40014 SET FOREIGN_KEY_CHECKS=@OLD_FOREIGN_KEY_CHECKS */;
/*!40014 SET UNIQUE_CHECKS=@OLD_UNIQUE_CHECKS */;
/*!40101 SET CHARACTER_SET_CLIENT=@OLD_CHARACTER_SET_CLIENT */;
/*!40101 SET CHARACTER_SET_RESULTS=@OLD_CHARACTER_SET_RESULTS */;
/*!40101 SET COLLATION_CONNECTION=@OLD_COLLATION_CONNECTION */;
/*!40111 SET SQL_NOTES=@OLD_SQL_NOTES */;

